{
  "0": {
    "precision": 0.9732678668848882,
    "recall": 0.975929978118162,
    "f1-score": 0.9745971046162251,
    "support": 1828.0
  },
  "1": {
    "precision": 0.894484412470024,
    "recall": 0.8838862559241706,
    "f1-score": 0.8891537544696066,
    "support": 422.0
  },
  "accuracy": 0.9586666666666667,
  "macro avg": {
    "precision": 0.9338761396774561,
    "recall": 0.9299081170211663,
    "f1-score": 0.9318754295429159,
    "support": 2250.0
  },
  "weighted avg": {
    "precision": 0.9584915923235225,
    "recall": 0.9586666666666667,
    "f1-score": 0.9585717296109482,
    "support": 2250.0
  }
}