{
  "0": {
    "precision": 0.9721615720524017,
    "recall": 0.973224043715847,
    "f1-score": 0.9726925177498634,
    "support": 1830.0
  },
  "1": {
    "precision": 0.8827751196172249,
    "recall": 0.8785714285714286,
    "f1-score": 0.8806682577565632,
    "support": 420.0
  },
  "accuracy": 0.9555555555555556,
  "macro avg": {
    "precision": 0.9274683458348133,
    "recall": 0.9258977361436378,
    "f1-score": 0.9266803877532133,
    "support": 2250.0
  },
  "weighted avg": {
    "precision": 0.9554761009311689,
    "recall": 0.9555555555555556,
    "f1-score": 0.9555146558844475,
    "support": 2250.0
  }
}