{
  "0": {
    "precision": 0.9685636856368564,
    "recall": 0.9759694156198798,
    "f1-score": 0.9722524483133841,
    "support": 1831.0
  },
  "1": {
    "precision": 0.891358024691358,
    "recall": 0.8615751789976134,
    "f1-score": 0.8762135922330098,
    "support": 419.0
  },
  "accuracy": 0.9546666666666667,
  "macro avg": {
    "precision": 0.9299608551641072,
    "recall": 0.9187722973087467,
    "f1-score": 0.924233020273197,
    "support": 2250.0
  },
  "weighted avg": {
    "precision": 0.9541862758874502,
    "recall": 0.9546666666666667,
    "f1-score": 0.9543678791144167,
    "support": 2250.0
  }
}