{
  "0": {
    "precision": 0.9357374017568192,
    "recall": 0.9791969037252056,
    "f1-score": 0.9569739952718677,
    "support": 2067.0
  },
  "1": {
    "precision": 0.5057471264367817,
    "recall": 0.24043715846994534,
    "f1-score": 0.32592592592592595,
    "support": 183.0
  },
  "accuracy": 0.9191111111111111,
  "macro avg": {
    "precision": 0.7207422640968004,
    "recall": 0.6098170310975755,
    "f1-score": 0.6414499605988968,
    "support": 2250.0
  },
  "weighted avg": {
    "precision": 0.9007648593641229,
    "recall": 0.9191111111111111,
    "f1-score": 0.9056487522983977,
    "support": 2250.0
  }
}