{
  "0": {
    "precision": 0.9288664525011473,
    "recall": 0.9796708615682478,
    "f1-score": 0.9535924617196702,
    "support": 2066.0
  },
  "1": {
    "precision": 0.4084507042253521,
    "recall": 0.15760869565217392,
    "f1-score": 0.22745098039215686,
    "support": 184.0
  },
  "accuracy": 0.9124444444444444,
  "macro avg": {
    "precision": 0.6686585783632497,
    "recall": 0.5686397786102109,
    "f1-score": 0.5905217210559135,
    "support": 2250.0
  },
  "weighted avg": {
    "precision": 0.8863080090865934,
    "recall": 0.9124444444444444,
    "f1-score": 0.8942102250244424,
    "support": 2250.0
  }
}