{
  "0": {
    "precision": 0.935933147632312,
    "recall": 0.9757986447241046,
    "f1-score": 0.9554502369668246,
    "support": 2066.0
  },
  "1": {
    "precision": 0.4791666666666667,
    "recall": 0.25,
    "f1-score": 0.32857142857142857,
    "support": 184.0
  },
  "accuracy": 0.9164444444444444,
  "macro avg": {
    "precision": 0.7075499071494893,
    "recall": 0.6128993223620522,
    "f1-score": 0.6420108327691266,
    "support": 2250.0
  },
  "weighted avg": {
    "precision": 0.8985797998555659,
    "recall": 0.9164444444444444,
    "f1-score": 0.9041854810802678,
    "support": 2250.0
  }
}